{
  "json_parse_success_rate": 1.0,
  "schema_validity_rate": 1.0,
  "framewise_phase_accuracy": 0.7407407407407407,
  "framewise_phase_macro_f1": 0.22577408637873755
}