{
  "n_classes": 23,
  "n_images": 2168,
  "min_count": 1,
  "max_count": 256,
  "head_to_tail_ratio": 256.0,
  "shannon_entropy_bits": 3.8471565645606693,
  "max_entropy_bits": 4.523561956057013,
  "normalized_entropy": 0.8504706251252638,
  "gini": 0.5070592010267929
}