{
  "iw_accuracy": 0.20275478486734463,
  "src_prior": {
    "barretts": 0.004151291512915129,
    "barretts-short-segment": 0.004612546125461255,
    "bbps-0-1": 0.06549815498154982,
    "bbps-2-3": 0.11808118081180811,
    "cecum": 0.10193726937269372,
    "dyed-lifted-polyps": 0.08902214022140222,
    "dyed-resection-margins": 0.08625461254612546,
    "esophagitis-a": 0.029059040590405903,
    "esophagitis-b-d": 0.021678966789667898,
    "hemorrhoids": 0.00046125461254612545,
    "ileum": 0.0009225092250922509,
    "impacted-stool": 0.013376383763837638,
    "polyps": 0.0940959409594096,
    "pylorus": 0.09455719557195572,
    "retroflex-rectum": 0.03874538745387454,
    "retroflex-stomach": 0.06872693726937269,
    "ulcerative-colitis-grade-0-1": 0.004151291512915129,
    "ulcerative-colitis-grade-1": 0.019833948339483393,
    "ulcerative-colitis-grade-1-2": 0.0013837638376383763,
    "ulcerative-colitis-grade-2": 0.04474169741697417,
    "ulcerative-colitis-grade-2-3": 0.0018450184501845018,
    "ulcerative-colitis-grade-3": 0.010608856088560886,
    "z-line": 0.08625461254612546
  },
  "target_prior": {
    "barretts": 0.043478260869565216,
    "barretts-short-segment": 0.043478260869565216,
    "bbps-0-1": 0.043478260869565216,
    "bbps-2-3": 0.043478260869565216,
    "cecum": 0.043478260869565216,
    "dyed-lifted-polyps": 0.043478260869565216,
    "dyed-resection-margins": 0.043478260869565216,
    "esophagitis-a": 0.043478260869565216,
    "esophagitis-b-d": 0.043478260869565216,
    "hemorrhoids": 0.043478260869565216,
    "ileum": 0.043478260869565216,
    "impacted-stool": 0.043478260869565216,
    "polyps": 0.043478260869565216,
    "pylorus": 0.043478260869565216,
    "retroflex-rectum": 0.043478260869565216,
    "retroflex-stomach": 0.043478260869565216,
    "ulcerative-colitis-grade-0-1": 0.043478260869565216,
    "ulcerative-colitis-grade-1": 0.043478260869565216,
    "ulcerative-colitis-grade-1-2": 0.043478260869565216,
    "ulcerative-colitis-grade-2": 0.043478260869565216,
    "ulcerative-colitis-grade-2-3": 0.043478260869565216,
    "ulcerative-colitis-grade-3": 0.043478260869565216,
    "z-line": 0.043478260869565216
  }
}