input_size,zero_shot_top1,n
128,0.2633333333333333,300
192,0.26666666666666666,300
256,0.27666666666666667,300
384,0.27666666666666667,300
512,0.27,300
