{
  "R@1": 0.7966666666666666,
  "R@5": 0.938,
  "R@10": 0.9613333333333334,
  "mAP": 0.5199701402530114,
  "intra_cos_mean": 0.937292218208313,
  "inter_cos_mean": 0.8950284123420715,
  "intra_minus_inter": 0.042263805866241455,
  "uniformity": -0.40943971276283264,
  "alignment": 0.12202925052308253,
  "silhouette_cos": 0.07752858847379684
}