{
  "json_parse_success_rate": 0.3333333333333333,
  "schema_validity_rate": 0.3333333333333333,
  "framewise_phase_accuracy": 0.9444444444444444,
  "framewise_phase_macro_f1": 0.4857142857142857
}