input_size,zero_shot_top1,n
128,0.12333333333333334,300
192,0.12333333333333334,300
256,0.13333333333333333,300
384,0.13666666666666666,300
512,0.12666666666666668,300
