{
  "R@1": 0.7653333333333333,
  "R@5": 0.9366666666666666,
  "R@10": 0.964,
  "mAP": 0.4347272260847961,
  "intra_cos_mean": 0.9416136741638184,
  "inter_cos_mean": 0.9093645215034485,
  "intra_minus_inter": 0.03224915266036987,
  "uniformity": -0.3516381084918976,
  "alignment": 0.11713655729693097,
  "silhouette_cos": 0.006932519376277924
}